{"acc":{"0":0.8311606646,"1":0.9567673802,"2":0.9753209352,"3":0.9853163958,"4":0.9904578924,"5":0.9934874773,"6":0.9949248433,"7":0.9966055155,"8":0.9976338148,"9":0.9979434013,"10":0.9981866479,"11":0.9984077811,"12":0.9986400008,"13":0.9986178875,"14":0.9986621141,"15":0.9990712404,"16":0.9988058805,"17":0.9992260337,"18":0.9989606738,"19":0.9990933537,"20":0.9990933537,"21":0.9991596937,"22":0.9991154671,"23":0.9991707206,"24":0.9991375804,"25":0.999248147,"26":0.9991043806,"27":0.9991596937,"28":0.9991486073,"29":0.9991928339},"loss":{"0":0.5159325203,"1":0.132865665,"2":0.0727634402,"3":0.0453116313,"4":0.0304138553,"5":0.0199888803,"6":0.0155464307,"7":0.0114969747,"8":0.0086839384,"9":0.0076939664,"10":0.0066008223,"11":0.0060032823,"12":0.0051773413,"13":0.0048976528,"14":0.0046675543,"15":0.0041417432,"16":0.0042752624,"17":0.0037636548,"18":0.0040416448,"19":0.0037569679,"20":0.0038062647,"21":0.0035948568,"22":0.0035906456,"23":0.0034705976,"24":0.0035535254,"25":0.0035489459,"26":0.0033726677,"27":0.0035427914,"28":0.0033810785,"29":0.0032077314},"lr":{"0":0.0200999994,"1":0.0144306263,"2":0.0103683425,"3":0.0074575888,"4":0.0053719427,"5":0.0038775119,"6":0.0028067057,"7":0.0020394393,"8":0.001489669,"9":0.0010957414,"10":0.0008134799,"11":0.0006112307,"12":0.0004663128,"13":0.0003624746,"14":0.0002880713,"15":0.0002347589,"16":0.000196559,"17":0.0001691876,"18":0.000149575,"19":0.0001355221,"20":0.0001254527,"21":0.0001182376,"22":0.0001130678,"23":0.0001093635,"24":0.0001067093,"25":0.0001048074,"26":0.0001034446,"27":0.0001024682,"28":0.0001017685,"29":0.0001012672},"val_acc":{"0":0.9215868115,"1":0.8985891938,"2":0.8800584078,"3":0.9811154008,"4":0.9865994453,"5":0.9911547303,"6":0.9913758636,"7":0.9929237962,"8":0.9931891561,"9":0.9938083291,"10":0.9935871959,"11":0.9937198758,"12":0.9941179156,"13":0.994073689,"14":0.9942505956,"15":0.9943390489,"16":0.994692862,"17":0.9943832755,"18":0.9942948222,"19":0.9944275022,"20":0.9944275022,"21":0.9941621423,"22":0.9946044087,"23":0.9944717288,"24":0.9945601821,"25":0.9942948222,"26":0.9946044087,"27":0.9944275022,"28":0.9944275022,"29":0.9944275022},"val_loss":{"0":0.2434552747,"1":0.2842081761,"2":0.5672488448,"3":0.0586300751,"4":0.0440855495,"5":0.0307237174,"6":0.0315222241,"7":0.0246817158,"8":0.0246514582,"9":0.0211847,"10":0.0234654882,"11":0.0219615899,"12":0.0212823218,"13":0.0210761306,"14":0.0215404946,"15":0.0209832463,"16":0.0200468638,"17":0.0206410551,"18":0.0203942658,"19":0.0206898208,"20":0.0203037463,"21":0.0211887419,"22":0.020506389,"23":0.0202066237,"24":0.0202323712,"25":0.0204427069,"26":0.0202067215,"27":0.020263236,"28":0.0202113657,"29":0.0201894677}}