{"acc":{"0":0.8648346663,"1":0.9698999524,"2":0.9843233824,"3":0.9907034039,"4":0.99429214,"5":0.996650517,"6":0.9977214336,"7":0.9987809658,"8":0.9992252588,"9":0.9993392229,"10":0.9996468425,"11":0.999658227,"12":0.9997835159,"13":0.9997493625,"14":0.9998518825,"15":0.999817729,"16":0.9998518825,"17":0.99989748,"18":0.9998632669,"19":0.999943018,"20":0.9999316335,"21":0.9999088645,"22":0.9998746514,"23":0.9998632669,"24":0.9999544024,"25":0.9999544024,"26":0.9999088645,"27":0.9999316335,"28":0.9998860955,"29":0.9999316335,"30":0.999920249,"31":0.999920249,"32":0.9999544024,"33":0.999943018,"34":0.99989748,"35":0.999920249,"36":0.999920249,"37":0.999977231,"38":0.9998860955,"39":0.9999316335},"loss":{"0":0.4128279006,"1":0.0920879939,"2":0.0489804804,"3":0.0278915646,"4":0.0173560762,"5":0.0104457717,"6":0.0068267882,"7":0.0041633693,"8":0.0029153613,"9":0.0022390802,"10":0.0014789434,"11":0.0013276226,"12":0.0010836891,"13":0.0010350267,"14":0.0007916333,"15":0.0007866043,"16":0.0007143765,"17":0.0006552631,"18":0.0006398711,"19":0.0006114484,"20":0.0006342487,"21":0.0005620555,"22":0.0006506855,"23":0.0006513487,"24":0.0004900557,"25":0.0004538669,"26":0.0005516694,"27":0.0004799547,"28":0.0005992979,"29":0.0004876145,"30":0.0005367685,"31":0.0004747305,"32":0.0005153291,"33":0.0004028396,"34":0.0005612202,"35":0.0004532306,"36":0.0004738865,"37":0.0003722393,"38":0.0004860725,"39":0.0005329022},"lr":{"0":0.0200999994,"1":0.0144306263,"2":0.0103683425,"3":0.0074575888,"4":0.0053719427,"5":0.0038775119,"6":0.0028067057,"7":0.0020394393,"8":0.001489669,"9":0.0010957414,"10":0.0008134799,"11":0.0006112307,"12":0.0004663128,"13":0.0003624746,"14":0.0002880713,"15":0.0002347589,"16":0.000196559,"17":0.0001691876,"18":0.000149575,"19":0.0001355221,"20":0.0001254527,"21":0.0001182376,"22":0.0001130678,"23":0.0001093635,"24":0.0001067093,"25":0.0001048074,"26":0.0001034446,"27":0.0001024682,"28":0.0001017685,"29":0.0001012672,"30":0.000100908,"31":0.0001006506,"32":0.0001004662,"33":0.000100334,"34":0.0001002393,"35":0.0001001715,"36":0.0001001229,"37":0.0001000881,"38":0.0001000631,"39":0.0001000452},"val_acc":{"0":0.820497632,"1":0.9743893743,"2":0.9306416512,"3":0.9909770489,"4":0.9916605949,"5":0.9380696416,"6":0.9959442019,"7":0.9977214932,"8":0.9969012141,"9":0.9976303577,"10":0.9971746206,"11":0.9975391626,"12":0.9975847602,"13":0.9978581667,"14":0.9979037642,"15":0.9979037642,"16":0.9979948997,"17":0.9979037642,"18":0.9980404377,"19":0.9979037642,"20":0.9979948997,"21":0.9980404377,"22":0.9978126287,"23":0.9977214932,"24":0.9976758957,"25":0.9978581667,"26":0.9979037642,"27":0.9978126287,"28":0.9980860353,"29":0.9981316328,"30":0.9980860353,"31":0.9978126287,"32":0.9980860353,"33":0.9980860353,"34":0.9979493022,"35":0.9980404377,"36":0.9980404377,"37":0.9980404377,"38":0.9977670312,"39":0.9981316328},"val_loss":{"0":0.5567567302,"1":0.0820044269,"2":0.3148984955,"3":0.0287134176,"4":0.0274445591,"5":0.1896784102,"6":0.0145349983,"7":0.0104910689,"8":0.0114666128,"9":0.0093306624,"10":0.0129522257,"11":0.0105452651,"12":0.0105013656,"13":0.009461636,"14":0.0093951718,"15":0.0100107102,"16":0.0093122598,"17":0.0095829438,"18":0.0097234318,"19":0.0099888558,"20":0.0098076968,"21":0.0098629427,"22":0.0100489696,"23":0.0101996775,"24":0.0102952987,"25":0.0099047085,"26":0.0096680525,"27":0.0097504231,"28":0.0100704393,"29":0.0100754095,"30":0.0099724194,"31":0.0107514125,"32":0.0103462976,"33":0.0099185236,"34":0.0102914361,"35":0.0099007553,"36":0.0100813158,"37":0.0101454048,"38":0.0106740971,"39":0.0099152647}}