{"acc":{"0":0.8588306308,"1":0.9706519246,"2":0.9842208624,"3":0.9914439321,"4":0.9942237735,"5":0.9961833954,"6":0.9978581071,"7":0.9988379478,"8":0.9992024899,"9":0.9993619919,"10":0.9995898604,"11":0.999760747,"12":0.9998291135,"13":0.99989748,"14":0.9998518825,"15":0.99989748,"16":0.9999316335,"17":0.9998746514,"18":0.9999088645,"19":0.9999316335,"20":0.9999316335,"21":0.9999658465,"22":0.999977231,"23":0.9999316335,"24":0.999920249,"25":0.9999544024,"26":0.9999316335,"27":0.9999544024,"28":0.9999544024,"29":0.9999544024,"30":0.999943018,"31":0.9999658465,"32":0.999943018,"33":0.9999658465,"34":0.999920249,"35":0.9999544024,"36":0.999977231,"37":0.999977231,"38":0.999943018,"39":0.999943018,"40":0.9999658465,"41":0.9999658465,"42":0.999920249,"43":0.999977231,"44":0.9999658465,"45":0.999977231,"46":0.99989748,"47":0.999977231,"48":0.999977231,"49":0.9999658465},"loss":{"0":0.4353674705,"1":0.0912043731,"2":0.0493900722,"3":0.027814796,"4":0.0187411154,"5":0.0118750368,"6":0.0065979838,"7":0.004331375,"8":0.0027382426,"9":0.0020252116,"10":0.0016669597,"11":0.0012776321,"12":0.0008117683,"13":0.0006155065,"14":0.000680272,"15":0.0005424494,"16":0.0005038832,"17":0.0005877034,"18":0.0005900643,"19":0.0004595472,"20":0.0004190126,"21":0.0003752503,"22":0.0003821451,"23":0.0004131902,"24":0.0004080728,"25":0.0003661696,"26":0.0004549986,"27":0.0003973425,"28":0.0004056476,"29":0.0003751905,"30":0.0003516929,"31":0.0003410714,"32":0.0003362231,"33":0.0003346434,"34":0.0004209111,"35":0.0004021677,"36":0.0002913949,"37":0.0002970946,"38":0.0004031978,"39":0.0003457849,"40":0.0002963695,"41":0.000311371,"42":0.0004314527,"43":0.0003000352,"44":0.0003215342,"45":0.0002791634,"46":0.0003659208,"47":0.0003198292,"48":0.0002843042,"49":0.0003013236},"lr":{"0":0.0200999994,"1":0.0144306263,"2":0.0103683425,"3":0.0074575888,"4":0.0053719427,"5":0.0038775119,"6":0.0028067057,"7":0.0020394393,"8":0.001489669,"9":0.0010957414,"10":0.0008134799,"11":0.0006112307,"12":0.0004663128,"13":0.0003624746,"14":0.0002880713,"15":0.0002347589,"16":0.000196559,"17":0.0001691876,"18":0.000149575,"19":0.0001355221,"20":0.0001254527,"21":0.0001182376,"22":0.0001130678,"23":0.0001093635,"24":0.0001067093,"25":0.0001048074,"26":0.0001034446,"27":0.0001024682,"28":0.0001017685,"29":0.0001012672,"30":0.000100908,"31":0.0001006506,"32":0.0001004662,"33":0.000100334,"34":0.0001002393,"35":0.0001001715,"36":0.0001001229,"37":0.0001000881,"38":0.0001000631,"39":0.0001000452,"40":0.0001000324,"41":0.0001000232,"42":0.0001000166,"43":0.0001000119,"44":0.0001000085,"45":0.0001000061,"46":0.0001000044,"47":0.0001000031,"48":0.0001000023,"49":0.0001000016},"val_acc":{"0":0.3986966908,"1":0.9627233148,"2":0.9762122035,"3":0.8309332728,"4":0.8956434727,"5":0.9953062534,"6":0.9958530664,"7":0.9966278076,"8":0.9969923496,"9":0.9979037642,"10":0.9980404377,"11":0.9980404377,"12":0.9983139038,"13":0.9984505773,"14":0.9984505773,"15":0.9984050393,"16":0.9983139038,"17":0.9984050393,"18":0.9983594418,"19":0.9982683063,"20":0.9983594418,"21":0.9984505773,"22":0.9983139038,"23":0.9984505773,"24":0.9984050393,"25":0.9984505773,"26":0.9983594418,"27":0.9982683063,"28":0.9984050393,"29":0.9984505773,"30":0.9985873103,"31":0.9984505773,"32":0.9984961748,"33":0.9984505773,"34":0.9983594418,"35":0.9984050393,"36":0.9985873103,"37":0.9983139038,"38":0.9983594418,"39":0.9985873103,"40":0.9984050393,"41":0.9984050393,"42":0.9984505773,"43":0.9983594418,"44":0.9984050393,"45":0.9984505773,"46":0.9984961748,"47":0.9984961748,"48":0.9987695813,"49":0.9984505773},"val_loss":{"0":6.7678934658,"1":0.1155144727,"2":0.0930646572,"3":1.1917714894,"4":0.6402894241,"5":0.0173515176,"6":0.0163643707,"7":0.0118026849,"8":0.0138542535,"9":0.0091585379,"10":0.0088215833,"11":0.0085845459,"12":0.0070183272,"13":0.0071073987,"14":0.0074525241,"15":0.007968197,"16":0.0075820168,"17":0.0073231658,"18":0.0071963665,"19":0.0075168653,"20":0.0075729303,"21":0.0072906399,"22":0.0077065489,"23":0.0073261137,"24":0.0072885391,"25":0.00729755,"26":0.0072623023,"27":0.0075193395,"28":0.0070948495,"29":0.0072112062,"30":0.0073229657,"31":0.0073817173,"32":0.0074620169,"33":0.0074108126,"34":0.0073601683,"35":0.0073707508,"36":0.007339287,"37":0.0078483822,"38":0.0074374025,"39":0.007382973,"40":0.007680334,"41":0.0076653221,"42":0.0075481711,"43":0.0076374609,"44":0.0074671025,"45":0.0074979378,"46":0.0078792968,"47":0.0075493026,"48":0.0072040638,"49":0.0074755871}}