{"loss":{"0":0.4489659001,"1":0.1092936284,"2":0.0636244747,"3":0.042266195,"4":0.0288847076,"5":0.0215488499,"6":0.0158264041,"7":0.011548875,"8":0.0092271461,"9":0.0075544569,"10":0.0058397123,"11":0.0057388356,"12":0.0043010093,"13":0.0043468251,"14":0.0043978848,"15":0.0037590159,"16":0.0039186889,"17":0.0035127874,"18":0.0035160579,"19":0.0032955084,"20":0.0034415398},"acc":{"0":0.8532921672,"1":0.9646778703,"2":0.9791531563,"3":0.9865478277,"4":0.9907110929,"5":0.992959857,"6":0.9947528243,"7":0.9961709976,"8":0.9972852468,"9":0.9974270463,"10":0.9983994961,"11":0.9981564283,"12":0.9987742901,"13":0.9986324906,"14":0.9986020923,"15":0.9989768863,"16":0.9988958836,"17":0.9990478158,"18":0.9989870191,"19":0.9990782142,"20":0.9991288781},"val_loss":{"0":0.1763549488,"1":0.2066201673,"2":0.0489400388,"3":0.0327869766,"4":0.0322595903,"5":0.0219558428,"6":0.0220167945,"7":0.0206527512,"8":0.0160838256,"9":0.0150982173,"10":0.0161959958,"11":0.0140174637,"12":0.0144346186,"13":0.0144820616,"14":0.0141032985,"15":0.0141579496,"16":0.0136959623,"17":0.0141817799,"18":0.0141968264,"19":0.013581524,"20":0.0134838618},"val_acc":{"0":0.9476904273,"1":0.9362641573,"2":0.9847649932,"3":0.9902755022,"4":0.9902350307,"5":0.9941247702,"6":0.9934359789,"7":0.9936791062,"8":0.9954619408,"9":0.9956240058,"10":0.9954619408,"11":0.9963533282,"12":0.9963127971,"13":0.9961912632,"14":0.9961912632,"15":0.9960291982,"16":0.9961102009,"17":0.9961102009,"18":0.9960696697,"19":0.9962317944,"20":0.9963938594},"lr":{"0":0.0200999994,"1":0.0144306263,"2":0.0103683425,"3":0.0074575888,"4":0.0053719427,"5":0.0038775119,"6":0.0028067057,"7":0.0020394393,"8":0.001489669,"9":0.0010957414,"10":0.0008134799,"11":0.0006112307,"12":0.0004663128,"13":0.0003624746,"14":0.0002880713,"15":0.0002347589,"16":0.000196559,"17":0.0001691876,"18":0.000149575,"19":0.0001355221,"20":0.0001254527}}