{"acc":{"0":0.8386082649,"1":0.9597260952,"2":0.9768838286,"3":0.9856905341,"4":0.9905211329,"5":0.9941782355,"6":0.9959555268,"7":0.9975733161,"8":0.9983366132,"9":0.9986784458,"10":0.9989974499,"11":0.9990543723,"12":0.9992708564,"13":0.9994303584,"14":0.999578476,"15":0.9995214939,"16":0.9995556474,"17":0.9995214939,"18":0.9997721314,"19":0.9996012449},"loss":{"0":0.491088018,"1":0.1254907043,"2":0.0715914349,"3":0.0446562895,"4":0.0279333045,"5":0.0190284498,"6":0.0129719427,"7":0.0080512524,"8":0.006068712,"9":0.0046366329,"10":0.0035516466,"11":0.0031404668,"12":0.0026630593,"13":0.0024278871,"14":0.001953657,"15":0.0020251835,"16":0.0017766737,"17":0.0018243548,"18":0.0014195443,"19":0.0016504268},"lr":{"0":0.0200999994,"1":0.0144306263,"2":0.0103683425,"3":0.0074575888,"4":0.0053719427,"5":0.0038775119,"6":0.0028067057,"7":0.0020394393,"8":0.001489669,"9":0.0010957414,"10":0.0008134799,"11":0.0006112307,"12":0.0004663128,"13":0.0003624746,"14":0.0002880713,"15":0.0002347589,"16":0.000196559,"17":0.0001691876,"18":0.000149575,"19":0.0001355221},"val_acc":{"0":0.9329657555,"1":0.9724754095,"2":0.9834578633,"3":0.9877415299,"4":0.9930732846,"5":0.9926631451,"6":0.9966278076,"7":0.9966278076,"8":0.9975391626,"9":0.9971746206,"10":0.9971746206,"11":0.9974936247,"12":0.9979037642,"13":0.9975847602,"14":0.9979037642,"15":0.9978581667,"16":0.9979948997,"17":0.9978581667,"18":0.9978126287,"19":0.9978126287},"val_loss":{"0":0.1982983379,"1":0.0907259353,"2":0.0545917862,"3":0.0399229478,"4":0.0241064652,"5":0.0247777989,"6":0.0108954323,"7":0.0150319024,"8":0.008659484,"9":0.0103480071,"10":0.0100015789,"11":0.0102927524,"12":0.0087277947,"13":0.0096272884,"14":0.0092025111,"15":0.0092344541,"16":0.0089744849,"17":0.0091186657,"18":0.0099194528,"19":0.0094170796}}