{"acc":{"0":0.8475794792,"1":0.9607541561,"2":0.9791338444,"3":0.9874264598,"4":0.9924251437,"5":0.9954755902,"6":0.9968982935,"7":0.9981671572,"8":0.9984747767,"9":0.9987823963,"10":0.9990002513,"11":0.9993591309,"12":0.9993206859,"13":0.9996283054,"14":0.9994745255,"15":0.9996154904,"16":0.9996026754,"17":0.9996923804,"18":0.9996283054,"19":0.9997051954,"20":0.9997692704,"21":0.9997308254,"22":0.9996411204,"23":0.9997308254,"24":0.9996539354,"25":0.9997180104,"26":0.9996795654,"27":0.9997564554,"28":0.9997564554,"29":0.9996026754,"30":0.9996795654,"31":0.9997308254,"32":0.9997436404,"33":0.9997051954,"34":0.9997180104,"35":0.9997436404,"36":0.9998077154,"37":0.9996539354,"38":0.9997692704,"39":0.9998077154},"loss":{"0":0.4722241647,"1":0.1208228102,"2":0.0648014976,"3":0.039131085,"4":0.0233024708,"5":0.0139126277,"6":0.0102981013,"7":0.0066223552,"8":0.0052603442,"9":0.0045952171,"10":0.0038931824,"11":0.0027367595,"12":0.0030805728,"13":0.0021841992,"14":0.0023872227,"15":0.0021175856,"16":0.0022474128,"17":0.001907921,"18":0.0019085302,"19":0.0017579139,"20":0.0017256431,"21":0.0019346659,"22":0.0018267469,"23":0.0017907962,"24":0.0018137581,"25":0.0016761422,"26":0.001717281,"27":0.0017193601,"28":0.0016728536,"29":0.0018337724,"30":0.0020335438,"31":0.0017480874,"32":0.0015280108,"33":0.0016804464,"34":0.0016636856,"35":0.0014824689,"36":0.0015264433,"37":0.0015788271,"38":0.0014612617,"39":0.0014494136},"lr":{"0":0.0200999994,"1":0.0144306263,"2":0.0103683425,"3":0.0074575888,"4":0.0053719427,"5":0.0038775119,"6":0.0028067057,"7":0.0020394393,"8":0.001489669,"9":0.0010957414,"10":0.0008134799,"11":0.0006112307,"12":0.0004663128,"13":0.0003624746,"14":0.0002880713,"15":0.0002347589,"16":0.000196559,"17":0.0001691876,"18":0.000149575,"19":0.0001355221,"20":0.0001254527,"21":0.0001182376,"22":0.0001130678,"23":0.0001093635,"24":0.0001067093,"25":0.0001048074,"26":0.0001034446,"27":0.0001024682,"28":0.0001017685,"29":0.0001012672,"30":0.000100908,"31":0.0001006506,"32":0.0001004662,"33":0.000100334,"34":0.0001002393,"35":0.0001001715,"36":0.0001001229,"37":0.0001000881,"38":0.0001000631,"39":0.0001000452},"val_acc":{"0":0.9335076213,"1":0.9552958012,"2":0.8809596896,"3":0.8645032048,"4":0.9247923493,"5":0.9899517894,"6":0.9929252267,"7":0.9923100471,"8":0.9783656597,"9":0.9937967658,"10":0.9942581654,"11":0.9948220849,"12":0.9945145249,"13":0.9947195649,"14":0.9945145249,"15":0.9944632649,"16":0.9944120049,"17":0.9945145249,"18":0.9944632649,"19":0.9945657849,"20":0.9943094254,"21":0.9944120049,"22":0.9944120049,"23":0.9944120049,"24":0.9945657849,"25":0.9943094254,"26":0.9945145249,"27":0.9945145249,"28":0.9947195649,"29":0.9948220849,"30":0.9948733449,"31":0.9946683049,"32":0.9949246645,"33":0.9950271845,"34":0.9950784445,"35":0.9949759245,"36":0.9949759245,"37":0.9951297045,"38":0.9951809645,"39":0.9951809645},"val_loss":{"0":0.2042762818,"1":0.1571932377,"2":0.4342367452,"3":0.3966628613,"4":0.1905597254,"5":0.035227642,"6":0.0259843529,"7":0.0300058504,"8":0.0559863009,"9":0.0254442412,"10":0.0222748093,"11":0.0208680477,"12":0.0219142749,"13":0.0206133209,"14":0.0216034324,"15":0.0226722305,"16":0.0222553949,"17":0.0223846406,"18":0.0225744913,"19":0.021865229,"20":0.0230689635,"21":0.0225896561,"22":0.0228536956,"23":0.0221121891,"24":0.0215615431,"25":0.0220782634,"26":0.0218885881,"27":0.0217608825,"28":0.0211241431,"29":0.0212839155,"30":0.0211437165,"31":0.0211489286,"32":0.0207931808,"33":0.0206528221,"34":0.0211880645,"35":0.0209930354,"36":0.0208102058,"37":0.0209317776,"38":0.0211815264,"39":0.0210984852}}