{"acc":{"0":0.8506960869,"1":0.9629958868,"2":0.9798801541,"3":0.9869893193,"4":0.99128443,"5":0.9946681261,"6":0.9966619015,"7":0.9973682165,"8":0.9980745912,"9":0.9986784458,"10":0.9988834858,"11":0.9991455078,"12":0.9993733764,"13":0.9991227388,"14":0.9992936254,"15":0.9994303584,"16":0.9995101094,"17":0.9996353984,"18":0.9994645119,"19":0.9995101094},"loss":{"0":0.4615395604,"1":0.1143939815,"2":0.0633413682,"3":0.0423965094,"4":0.0272282598,"5":0.016669876,"6":0.0109384222,"7":0.0082232753,"8":0.0062950295,"9":0.0043507796,"10":0.0040416111,"11":0.003184603,"12":0.0026424444,"13":0.0030158547,"14":0.0026843183,"15":0.0023244276,"16":0.0020880876,"17":0.0018261845,"18":0.0019846147,"19":0.0020226328},"lr":{"0":0.0200999994,"1":0.0144306263,"2":0.0103683425,"3":0.0074575888,"4":0.0053719427,"5":0.0038775119,"6":0.0028067057,"7":0.0020394393,"8":0.001489669,"9":0.0010957414,"10":0.0008134799,"11":0.0006112307,"12":0.0004663128,"13":0.0003624746,"14":0.0002880713,"15":0.0002347589,"16":0.000196559,"17":0.0001691876,"18":0.000149575,"19":0.0001355221},"val_acc":{"0":0.7255741954,"1":0.9384341836,"2":0.6750364304,"3":0.9783539772,"4":0.9898833632,"5":0.9889719486,"6":0.9955796599,"7":0.9961265326,"8":0.9968100786,"9":0.9967189431,"10":0.9972202182,"11":0.9969923496,"12":0.9971746206,"13":0.9973113537,"14":0.9972202182,"15":0.9972657561,"16":0.9972202182,"17":0.9971746206,"18":0.9973113537,"19":0.9973113537},"val_loss":{"0":2.4817321678,"1":0.2631521665,"2":3.2378234952,"3":0.0779721683,"4":0.0359523704,"5":0.0403757477,"6":0.017888325,"7":0.0161881609,"8":0.0135683032,"9":0.0128711495,"10":0.0111199462,"11":0.0114156039,"12":0.0114287655,"13":0.0115936165,"14":0.0120463228,"15":0.0110315473,"16":0.0113464076,"17":0.0113322494,"18":0.0116146118,"19":0.0112920836}}