{"acc":{"0":0.8295196891,"1":0.959060967,"2":0.9770641923,"3":0.9857420325,"4":0.9914085269,"5":0.9943550825,"6":0.9963626266,"7":0.9970750213,"8":0.9981759191,"9":0.9987587929,"10":0.9989746213,"11":0.9992444515,"12":0.9993739724,"13":0.9993739724,"14":0.9995142817,"15":0.9996438026,"16":0.9994819164,"17":0.9996653795,"18":0.9997193813,"19":0.9996114373,"20":0.9996006489,"21":0.9997409582,"22":0.9996653795,"23":0.9997193813,"24":0.9997301698},"loss":{"0":0.5205134995,"1":0.1274519452,"2":0.0716890316,"3":0.0434527672,"4":0.0274521712,"5":0.0175339133,"6":0.0111354487,"7":0.0087068761,"8":0.0059680182,"9":0.0041707589,"10":0.0036413942,"11":0.0026428577,"12":0.0022898095,"13":0.0022721191,"14":0.002030169,"15":0.0015753136,"16":0.0018114035,"17":0.001475659,"18":0.0012891195,"19":0.0015597064,"20":0.0014131891,"21":0.0011931638,"22":0.0012786193,"23":0.0012583379,"24":0.0010919294},"lr":{"0":0.0200999994,"1":0.0144306263,"2":0.0103683425,"3":0.0074575888,"4":0.0053719427,"5":0.0038775119,"6":0.0028067057,"7":0.0020394393,"8":0.001489669,"9":0.0010957414,"10":0.0008134799,"11":0.0006112307,"12":0.0004663128,"13":0.0003624746,"14":0.0002880713,"15":0.0002347589,"16":0.000196559,"17":0.0001691876,"18":0.000149575,"19":0.0001355221,"20":0.0001254527,"21":0.0001182376,"22":0.0001130678,"23":0.0001093635,"24":0.0001067093},"val_acc":{"0":0.2779864371,"1":0.9016103148,"2":0.9854940772,"3":0.99063164,"4":0.9915813804,"5":0.9939126968,"6":0.9957259297,"7":0.9970642924,"8":0.9971506,"9":0.9977982044,"10":0.9977982044,"11":0.9980140924,"12":0.9979277253,"13":0.9981436133,"14":0.9978413582,"15":0.9978413582,"16":0.9978413582,"17":0.9980140924,"18":0.9978845716,"19":0.9978845716,"20":0.9981436133,"21":0.9979277253,"22":0.9980140924,"23":0.9979708791,"24":0.9978413582},"val_loss":{"0":9.3798584124,"1":0.3925055371,"2":0.0456957073,"3":0.0315937124,"4":0.0269075058,"5":0.0215337639,"6":0.0162561912,"7":0.0116761268,"8":0.0120035734,"9":0.0104492811,"10":0.0111659887,"11":0.0097506687,"12":0.009487463,"13":0.0089019639,"14":0.0102484963,"15":0.0103289432,"16":0.0098708916,"17":0.0095503099,"18":0.0098682801,"19":0.0097030319,"20":0.0094383977,"21":0.0095558284,"22":0.0094897573,"23":0.0096726143,"24":0.0095771145}}