{"acc":{"0":0.8465149403,"1":0.9646136761,"2":0.9813612103,"3":0.9875133634,"4":0.9929364324,"5":0.9953745008,"6":0.9971289635,"7":0.9980745912,"8":0.9987923503,"9":0.9989518523,"10":0.9993050098,"11":0.9995442629,"12":0.9996126294,"13":0.9997037649,"14":0.9997265935,"15":0.9997949004,"16":0.9997949004,"17":0.999760747,"18":0.999760747,"19":0.9997265935,"20":0.9997721314,"21":0.999760747,"22":0.9998291135,"23":0.9998291135,"24":0.9998518825,"25":0.9998518825,"26":0.9998063445,"27":0.9999088645,"28":0.999840498,"29":0.9998632669,"30":0.9999088645,"31":0.9998860955,"32":0.9998746514,"33":0.9998632669,"34":0.9998632669,"35":0.9998860955,"36":0.9998518825,"37":0.9998746514,"38":0.9998518825,"39":0.9999316335,"40":0.999920249,"41":0.999817729,"42":0.9999316335,"43":0.9998860955,"44":0.9998860955,"45":0.9998860955,"46":0.9999544024,"47":0.999943018,"48":0.9998746514,"49":0.99989748,"50":0.999840498,"51":0.99989748,"52":0.9999316335,"53":0.999920249,"54":0.9998632669,"55":0.99989748,"56":0.999920249,"57":0.9998860955,"58":0.9998291135,"59":0.999920249,"60":0.9999088645,"61":0.9998632669,"62":0.99989748,"63":0.99989748,"64":0.99989748,"65":0.99989748,"66":0.9999088645,"67":0.9998518825,"68":0.9998860955,"69":0.9999316335,"70":0.9998746514,"71":0.9998860955,"72":0.9999316335,"73":0.999943018,"74":0.999943018},"loss":{"0":0.4724288001,"1":0.1089352956,"2":0.0582869144,"3":0.0374994872,"4":0.022148052,"5":0.0147077556,"6":0.0088315608,"7":0.0062460865,"8":0.0043871932,"9":0.0035710548,"10":0.0025981024,"11":0.0021537623,"12":0.0017437294,"13":0.0014774928,"14":0.0014307244,"15":0.0011727631,"16":0.0012238735,"17":0.001108694,"18":0.001116971,"19":0.0012444993,"20":0.0010689546,"21":0.001139871,"22":0.0010279531,"23":0.0010386323,"24":0.0009218798,"25":0.0009374504,"26":0.0009571872,"27":0.0008554551,"28":0.0008727108,"29":0.0008177204,"30":0.0007611632,"31":0.0008271254,"32":0.0008795739,"33":0.0008587613,"34":0.0008589792,"35":0.000782544,"36":0.0008223352,"37":0.000782575,"38":0.0007915435,"39":0.0007264751,"40":0.0007268588,"41":0.000891998,"42":0.0007111918,"43":0.0007839194,"44":0.0007377147,"45":0.0007660529,"46":0.000647686,"47":0.0006124351,"48":0.0008240664,"49":0.0006854764,"50":0.0007390707,"51":0.0007675393,"52":0.000671598,"53":0.0008095767,"54":0.0007844052,"55":0.0007053584,"56":0.0006828748,"57":0.0007204873,"58":0.0007591222,"59":0.0006489579,"60":0.0006980747,"61":0.000734316,"62":0.0006746898,"63":0.0006538526,"64":0.0006957008,"65":0.0006710188,"66":0.0007111772,"67":0.0006701235,"68":0.0007203633,"69":0.0006298497,"70":0.0006906404,"71":0.0007708126,"72":0.0006514398,"73":0.0005795589,"74":0.0005829941},"lr":{"0":0.0200999994,"1":0.0144306263,"2":0.0103683425,"3":0.0074575888,"4":0.0053719427,"5":0.0038775119,"6":0.0028067057,"7":0.0020394393,"8":0.001489669,"9":0.0010957414,"10":0.0008134799,"11":0.0006112307,"12":0.0004663128,"13":0.0003624746,"14":0.0002880713,"15":0.0002347589,"16":0.000196559,"17":0.0001691876,"18":0.000149575,"19":0.0001355221,"20":0.0001254527,"21":0.0001182376,"22":0.0001130678,"23":0.0001093635,"24":0.0001067093,"25":0.0001048074,"26":0.0001034446,"27":0.0001024682,"28":0.0001017685,"29":0.0001012672,"30":0.000100908,"31":0.0001006506,"32":0.0001004662,"33":0.000100334,"34":0.0001002393,"35":0.0001001715,"36":0.0001001229,"37":0.0001000881,"38":0.0001000631,"39":0.0001000452,"40":0.0001000324,"41":0.0001000232,"42":0.0001000166,"43":0.0001000119,"44":0.0001000085,"45":0.0001000061,"46":0.0001000044,"47":0.0001000031,"48":0.0001000023,"49":0.0001000016,"50":0.0001000012,"51":0.0001000008,"52":0.0001000006,"53":0.0001000004,"54":0.0001000003,"55":0.0001000002,"56":0.0001000002,"57":0.0001000001,"58":0.0001000001,"59":0.0001000001,"60":0.0001,"61":0.0001,"62":0.0001,"63":0.0001,"64":0.0001,"65":0.0001,"66":0.0001,"67":0.0001,"68":0.0001,"69":0.0001,"70":0.0001,"71":0.0001,"72":0.0001,"73":0.0001,"74":0.0001},"val_acc":{"0":0.2786638737,"1":0.9660955071,"2":0.824598968,"3":0.9825009108,"4":0.9907035828,"5":0.9945315123,"6":0.9957619309,"7":0.9961265326,"8":0.9961265326,"9":0.9974480271,"10":0.9972657561,"11":0.9974936247,"12":0.9977214932,"13":0.9977670312,"14":0.9980404377,"15":0.9979493022,"16":0.9979493022,"17":0.9979493022,"18":0.9979948997,"19":0.9979493022,"20":0.9979948997,"21":0.9978581667,"22":0.9979037642,"23":0.9980860353,"24":0.9979037642,"25":0.9978126287,"26":0.9979493022,"27":0.9979493022,"28":0.9979948997,"29":0.9979037642,"30":0.9979493022,"31":0.9979493022,"32":0.9979493022,"33":0.9979037642,"34":0.9979493022,"35":0.9979948997,"36":0.9979493022,"37":0.9979037642,"38":0.9980860353,"39":0.9979493022,"40":0.9979948997,"41":0.9979948997,"42":0.9979493022,"43":0.9980404377,"44":0.9978126287,"45":0.9979493022,"46":0.9979037642,"47":0.9979037642,"48":0.9979493022,"49":0.9978126287,"50":0.9979493022,"51":0.9980860353,"52":0.9980860353,"53":0.9980404377,"54":0.9978126287,"55":0.9979493022,"56":0.9978581667,"57":0.9979493022,"58":0.9978126287,"59":0.9979037642,"60":0.9979037642,"61":0.9978126287,"62":0.9978581667,"63":0.9978581667,"64":0.9979037642,"65":0.9980404377,"66":0.9979948997,"67":0.9980404377,"68":0.9980860353,"69":0.9980404377,"70":0.9980860353,"71":0.9979493022,"72":0.9979037642,"73":0.9980404377,"74":0.9979493022},"val_loss":{"0":8.4964713555,"1":0.1122822652,"2":0.9890016563,"3":0.0574580389,"4":0.0292558942,"5":0.0208793033,"6":0.0149509168,"7":0.014677573,"8":0.0144623137,"9":0.0120681413,"10":0.0122526755,"11":0.0110200205,"12":0.0101202235,"13":0.0110710179,"14":0.0104478519,"15":0.010504683,"16":0.0101256135,"17":0.0102904114,"18":0.0102738565,"19":0.0105893243,"20":0.0105365147,"21":0.0106879185,"22":0.0109901379,"23":0.0105145288,"24":0.0105710867,"25":0.0104005291,"26":0.0105290573,"27":0.0107492586,"28":0.0110101768,"29":0.0110201144,"30":0.0109106929,"31":0.0108919108,"32":0.010848589,"33":0.0107027878,"34":0.0102081794,"35":0.0105526001,"36":0.0108631743,"37":0.0110714857,"38":0.011074715,"39":0.011611829,"40":0.0119632976,"41":0.0113952404,"42":0.0110968519,"43":0.0114638056,"44":0.011220098,"45":0.0110673312,"46":0.0111110706,"47":0.0111730604,"48":0.011309719,"49":0.011360152,"50":0.0113003516,"51":0.011237468,"52":0.011618138,"53":0.0117671005,"54":0.0116328689,"55":0.0116940648,"56":0.0116090655,"57":0.0116459341,"58":0.0116777254,"59":0.012161485,"60":0.0121185802,"61":0.0121047862,"62":0.0121260241,"63":0.0123042012,"64":0.0118389011,"65":0.0112948645,"66":0.0111201567,"67":0.0113022886,"68":0.0109587629,"69":0.0113502092,"70":0.0114129497,"71":0.0118443535,"72":0.0114268392,"73":0.0113230882,"74":0.0113204148}}